GROUP NAME,ATTEMPTS
Munster_Rugby_Demo,1
U18 Clubs Munster 2023,1
U18 Clubs Munster 2023,1
U18 Clubs Munster 2023,1
U18 Clubs Munster 2023,1
U18 Clubs Munster 2023,1
U18 Clubs Munster 2023,1
U18 Schools Munster 2023,1
U18 Schools Munster 2023,1
U18 Clubs Munster 2023,1
U17 Clubs Munster 2023,1
U17 Clubs Munster 2023,1
U18 Clubs Munster 2023,1
U17 Schools Munster 2023,1
U17 Schools Munster 2023,1
U17 Clubs Munster 2023,1
U18 Clubs Munster 2023,1
U18 Clubs Munster 2023,1
U18 Clubs Munster 2023,1
U17 Clubs Munster 2023,1
U17 Schools Munster 2023,1
U17 Schools Munster 2023,1
U17 Clubs Munster 2023,1
U18 Clubs Munster 2023,1
U17 Clubs Munster 2023,1
U17 Schools Munster 2023,1
U17 Schools Munster 2023,1
U17 Schools Munster 2023,1
U17 Schools Munster 2023,1
U17 Schools Munster 2023,1
U17 Schools Munster 2023,1
U17 Schools Munster 2023,1
U17 Schools Munster 2023,1
U17 Schools Munster 2023,1
